<!-- [ Mirror metadata ] generatedAt: 1469266116101 -->
<!-- Generated screen file. Fill the id tags below with content with
which to populate your previewed layout. For a complete specification
of sample data, please see http://jimulabs.com/sample-data-specifications/ 

Valid attributes on <screen> tag: theme="@style/someTheme" inEditMode="false" overlay="@drawable/mockup" -->
<screen>
    <_content layout="@layout/filter_item">
        <!-- ImageView Examples:
        <filter_item_iv src="@drawable/image_resource" />
        <filter_item_iv src="relative_path/image.jpg" /> -->
        <filter_item_iv />
        <!-- TextView Examples:
        <filter_item_tv text="@string/string_resource" />
        <filter_item_tv text="Text literal" textSize="14sp" /> -->
        <filter_item_tv />
        <filter_item_num_tv />
    </_content>
</screen>
