<!-- [ Mirror metadata ] generatedAt: 1469266116132 -->
<!-- Generated screen file. Fill the id tags below with content with
which to populate your previewed layout. For a complete specification
of sample data, please see http://jimulabs.com/sample-data-specifications/ 

Valid attributes on <screen> tag: theme="@style/someTheme" inEditMode="false" overlay="@drawable/mockup" -->
<screen>
    <_content layout="@layout/my_child_fragment">
        <!-- TextView Examples:
        <my_login text="@string/string_resource" />
        <my_login text="Text literal" textSize="14sp" /> -->
        <my_login />
        <!-- ImageView Examples:
        <my_user src="@drawable/image_resource" />
        <my_user src="relative_path/image.jpg" /> -->
        <my_user />
        <my_qq />
        <my_weixin />
        <my_user_login_tv />
        <my_qqLogin_tv />
        <my_weiboLogin_tv />
    </_content>
</screen>
