<!-- [ Mirror metadata ] generatedAt: 1468667859626 -->
<!-- Generated screen file. Fill the id tags below with content with
which to populate your previewed layout. For a complete specification
of sample data, please see http://jimulabs.com/sample-data-specifications/ 

Valid attributes on <screen> tag: theme="@style/someTheme" inEditMode="false" overlay="@drawable/mockup" -->
<screen>
    <_content layout="@layout/origin_item_one">
        <!-- TextView Examples:
        <origin_username_tv text="@string/string_resource" />
        <origin_username_tv text="Text literal" textSize="14sp" /> -->
        <origin_username_tv />
        <!-- ImageView Examples:
        <origin_iv_index src="@drawable/image_resource" />
        <origin_iv_index src="relative_path/image.jpg" /> -->
        <origin_iv_index />
        <origin_title_tv />
        <origin_time />
    </_content>
</screen>
