<!-- [ Mirror metadata ] generatedAt: 1469266116157 -->
<!-- Generated screen file. Fill the id tags below with content with
which to populate your previewed layout. For a complete specification
of sample data, please see http://jimulabs.com/sample-data-specifications/ 

Valid attributes on <screen> tag: theme="@style/someTheme" inEditMode="false" overlay="@drawable/mockup" -->
<screen>
    <_content layout="@layout/sale_ls_item_body">
        <!-- ImageView Examples:
        <sale_ls_iv src="@drawable/image_resource" />
        <sale_ls_iv src="relative_path/image.jpg" /> -->
        <sale_ls_iv />
        <!-- TextView Examples:
        <sale_ls_tit_tv text="@string/string_resource" />
        <sale_ls_tit_tv text="Text literal" textSize="14sp" /> -->
        <sale_ls_tit_tv />
        <sale_ls_smaltit_tv />
        <sale_ls_num_tv />
        <sale_ls_smalnum />
    </_content>
</screen>
